Subdirección,Nombre del fondo,Inicio,Cierre,Fallo,url,presentacion,publico_objetivo,bitacora,documentos,url_imagen
"Redes, Estrategia y Conocimiento",Convocatoria para Indexación de Revistas Científicas en Colección SciELO Chile 2025,2025-08-18,2025-12-31,,https://anid.cl/concursos/convocatoria-para-indexacion-de-revistas-cientificas-en-coleccion-scielo-chile-2025/,"SciELO Chile
forma parte de una red regional creada en 1998 por iniciativa de FAPESP (Fundación de Apoyo a la Investigación del Estado de Sao Paulo) y de BIREME (Centro Latinoamericano y del Caribe de Información en Ciencias de la Salud) de Brasil.
SciELO Chile
fue una de las primeras opciones de ANID en materia de comunicación científica, instalando el concepto de Acceso Abierto en el país desde 1998.
Actualmente, la colección
SciELO Chile
reúne a 140 revistas científicas en diversas áreas del conocimiento que publican predominantemente artículos resultantes de investigaciones científicas y otras contribuciones significativas para el área específica de la revista. Este servicio es un estándar nacional de calidad para este tipo de publicaciones, ya que su metodología contribuye a mejorar los procesos editoriales.
La actual convocatoria tiene como objetivo indexar revistas nacionales con calidad científica, en todas las áreas del conocimiento, para formar parte de la colección
SciELO Chile.
Esta actualización incorpora el enfoque de ciencia abierta, entendido como un conjunto de prácticas fundamentadas en la transparencia, la colaboración y la apertura en los procesos de investigación, en sintonía con la Política de Acceso Abierto ANID. La inclusión de estos principios permitirá que los criterios de evaluación de SciELO Chile se alineen con los estándares internacionales vigentes en comunicación científica, promoviendo así una ciencia más accesible, reproducible y con mayor impacto, mediante el intercambio abierto de datos y resultados.
Ver más información:
https://www.scielo.cl/sr_scielocl/postulacion/Criterios_de_admision_postulacion_agosto_2025.pdf
Las postulaciones se presentan, únicamente, a través de la plataforma en línea, disponible en:
http://revistascientificas.informacioncientifica.cl
Dirija sus consultas a:
indizacion_scielo@anid.cl","Revistas científicas chilenas editadas en formato electrónico pertenecientes a todas las áreas del conocimiento. Estas deben publicar predominantemente artículos resultantes de investigaciones científicas y otras contribuciones significativas para el área específica de la revista.
Es imprescindible que las revistas mantengan su sitio web actualizado y en funcionamiento durante el periodo de evaluación.","Inicio de la Convocatoria:
18 de agosto de 2025 – 09:00 horas Chile continental.
Cierre de la Convocatoria:
31 de diciembre de 2025 – 12:00 horas Chile continental.","Bases Concursales y Resoluciones
Bases Concursales
Formularios y Certificados de Postulación
Formulario de Postulación
Manuales de Usuario y Otros
Preguntas frecuentes",https://anid.cl/wp-content/uploads/2025/08/scielo-2025-op.jpg
"Redes, Estrategia y Conocimiento",Proyectos de investigación conjunta ANID-BMFTR 2025,2025-08-04,2025-10-15,2026-02-01,https://anid.cl/concursos/proyectos-de-investigacion-conjunta-anid-bmbf-2025/,"La Agencia Nacional de Investigación y Desarrollo, ANID, a través de la Subdirección de Redes, Estrategia y Conocimiento, tiene como uno de sus objetivos estratégicos el promover la vinculación internacional para fomentar la ciencia y la tecnología chilena, a través del apoyo a la cooperación entre investigadores chilenos con actores internacionales.
El
Bundesministerium für Bildung und Forschung
,
BMBF,
es el Ministerio Federal de Educación e Investigación de Alemania, y su función principal es desarrollar políticas para la educación, la ciencia y la innovación, financiando proyectos de investigación y promoviendo el desarrollo tecnológico. También, apoya la cooperación internacional en ciencia y educación para fortalecer la competitividad del país.
La cooperación científica y tecnológica entre Chile y Alemania se basa en el Acuerdo entre el Gobierno de la República de Chile y el Gobierno de la República Federal de Alemania sobre Cooperación en Educación, Ciencia, Tecnología e Innovación, suscrito el 1 de octubre 2012, mediante el Decreto 111 del Ministerio de Relaciones Exteriores. Este acuerdo de duración indefinida promueve, entre otros, la realización conjunta o coordinada de programas de investigación o de desarrollo en áreas temáticas específicas.
Como parte de esta colaboración entre CONICYT y el BMBF, desde el 2006, se han realizado convocatorias bilaterales de movilidad, y, desde el 2014, convocatorias bilaterales de I+D. La presente convocatoria se constituye, entonces, en la primera iniciativa bilateral conjunta en I+D desde la creación del Ministerio de Ciencia, Tecnología, Conocimiento e Innovación de Chile y la consecuente reorganización de la ANID.
Objetivo general
Instalar instancias de cooperación, investigación e innovación entre
Chile y Alemania,
con foco en la investigación científica y robustecer la cooperación entre ambas instituciones, potenciando el trabajo en áreas afines.
Objetivos específicos
Buscar soluciones científicas, tecnológicas y de innovación, a problemáticas, brechas o necesidades en las áreas definidas en colaboración directa con investigadores/as, académicos/as o representantes del sector privado de Alemania, quienes contribuirán al desarrollo de soluciones con base científica tecnológica, y a estrategias locales de manera diversa y global.
Contribuir a la formación de capital humano, incluyendo estudiantes de pre y post grado, a jóvenes investigadores e investigadoras, que se encuentran en la etapa inicial de su carrera de investigación, y a personal técnico, a través de su participación en investigación de frontera y nuevos procesos de innovación, de manera que aporten conocimientos en áreas de interés.
Fortalecer la cooperación entre las instituciones e investigadores de ambos países, mediante investigación conjunta, intercambio, y vinculación internacional.
Áreas temáticas
El área temática general es transición energética, mientras los subtemas son los que se presentan a continuación:
Industria de hidrógeno verde sostenible e inclusiva
Desarrollo tecnológico para la reducción de costos y sostenibilidad de la producción de hidrógeno verde (GH2), a partir de energías renovables para consumo tanto local como de exportación.
Prototipos de dispositivos y materiales para el uso de GH2 en sectores intensivos en energía, que dependen de combustibles fósiles o que son difíciles de desfosilizar (minería, transporte e industria).
Tecnologías que promuevan y faciliten la incorporación de proveedores locales en la cadena de valor del GH2, y que habiliten el desarrollo económico y social de las comunidades en los territorios donde se realicen futuras inversiones.
Sostenibilidad y valor agregado en la industria del litio
Investigación aplicada en el desarrollo de materiales y componentes con mayor valor agregado para el litio.
Desarrollo de tecnologías para aumentar la recuperación de litio en procesos de extracción de salmueras y reducir la evaporación de agua.
Desarrollo tecnológico para una mayor sostenibilidad en la minería de litio, salares, y comunidades en los territorios donde se lleva a cabo esta actividad minera.
Duración
El plazo de ejecución es de 36 meses.
Monto a financiar
ANID financiará las actividades y los gastos de los investigadores de Chile, y BMBF financiará las actividades y los gastos de los investigadores de Alemania.
El financiamiento otorgado por ANID, para los equipos de investigación chilenos, será de un máximo de
$100.000.000 anuales por proyecto, entregando $300.000.000 por el total del período de ejecución.","La propuesta deberá ser presentada por una Institución Nacional Postulante, a través del Investigador o Investigadora Responsable y grupo de investigación de Chile, quienes deben tener experiencia en las áreas temáticas indicadas.
Esta institución se define como universidad con acreditación institucional, instituto de investigación, centro de investigación, corporación, fundación, con personalidad jurídica, pública o privada, sin fines de lucro, que desarrolle labores de ciencia e investigación y/o docencia de investigación científica y tecnológica y/o de innovación. Esta institución se debe identificar como tal en la carta de patrocinio y en el formulario de postulación, será la responsable de la propuesta ante ANID, la cual, en caso de ser adjudicada, recibirá y garantizará los recursos solicitados y transferidos por ANID para la ejecución del proyecto.","Inicio de la Convocatoria
: lunes 4 de agosto de 2025.
Cierre de la Convocatoria
: miércoles 15 de octubre, a las 16:00 horas de Chile continental.
Difusión
Taller informativo
: Por confirmar
Actualizaciones:
Jueves 7 de agosto
Se agregó el documento Rex 6408/2025 que rectifica nombre BMBF a BMFTR.","Bases Concursales y Resoluciones
Bases concursales
Rex 6408/2025 que rectifica nombre BMBF a BMFTR.
Formularios y Certificados de Postulación
Formulario de Postulación
Presupuesto
Carta de compromiso de la Institución Nacional Beneficiaria
Manuales de Usuario y Otros
Instructivo general de rendición de cuentas
Preguntas frecuentes",https://anid.cl/wp-content/uploads/2025/08/alemania_web_BMFTR-op.jpg
Investigación Aplicada,Concurso IDeA I+D 2026,2025-07-31,2025-09-30,2026-05-01,https://anid.cl/concursos/concurso-idea-id-2026/,"El
concurso IDeA I+D 2026
apoya el cofinanciamiento de proyectos de I+D aplicada con un fuerte componente científico, para que desarrollen tecnologías que puedan convertirse en nuevos productos, procesos o servicios, con una razonable probabilidad de generación de impactos productivos, económicos y sociales.
Podrán postular a este concurso:
Proyectos de I+D precompetitivos:
se orientan al desarrollo de tecnologías, conocimiento e innovación en la forma de productos, servicios y/o procesos que puedan ser transferidos y posteriormente comercializados en mercados de tecnologías, servicios o de bienes de inversión, intermedios o finales.
Proyectos de I+D de interés público:
se orientan al desarrollo de tecnologías, conocimiento e innovación para resolver problemas propuestos por entidades públicas o de la sociedad civil. Los resultados de los proyectos serán de dominio y uso público en Chile, de acuerdo con el nivel de desarrollo tecnológico alcanzado al término del proyecto, sin perjuicio que se pueda generar propiedad intelectual, que podría ser licenciada en forma no exclusiva y libre de costo a entidades públicas. En forma posterior al término del proyecto, la beneficiaria podría realizar nuevos desarrollos conducentes a servicios de mayor complejidad teniendo la posibilidad de generar transferencia tecnológica y comercialización de servicios.
Las y los postulantes deberán presentar resultados de investigación y desarrollo tecnológico previos que fundamenten su proyecto, los que podrán ser de dominio público o protegidos. En caso de usar resultados de investigación y desarrollo protegidos por propiedad intelectual, la beneficiaria deberá tomar todos los resguardos necesarios para utilizarlos durante la ejecución del proyecto.
Los desarrollos tecnológicos previos deben tener un nivel de madurez tecnológica mínimo equivalente a TRL 2 cumplido
(o validado).
Además, se deberá procurar la participación, bajo diferentes modalidades, de expertos, centros tecnológicos, instituciones y/o universidades nacionales y extranjeras con comprobada experiencia en la temática y que aporten a la ejecución de ésta.
Líneas de financiamiento
Las propuestas presentadas deben contribuir a generar potenciales impactos en los ámbitos económico (por aumentos de productividad, diversificación o sofisticación), social, ambiental y/o territorial (aumento de captura de valor en los territorios de ejecución o impacto).
Proyectos genéricos:
pueden abordar problemas, oportunidades o desafíos de todos los sectores del quehacer nacional, ya sea desde uno específico o multisectorial (los sectores corresponden a: Alimentos, Agropecuario, Forestal, Manufactura, Construcción e Infraestructura, Minería, Energía, Agua y Sector Sanitario, Pesca y Acuicultura, TIC, Educación, Salud, Turismo, Logística y Transporte, Comercio, Servicios Financieros, e Industria Creativa.
Proyectos temáticos:
comprenden a aquellos orientados a resolver desafíos nacionales en un sector o temas definidos por el Ministerio de Ciencia, Tecnología, Conocimiento e Innovación. Las líneas temáticas para este concurso serán las definidas por el Ministerio de Ciencia.
Los recursos disponibles se distribuirán por igual para cada una de las líneas temáticas señaladas en la sección 3.2 de las bases concursales.
En esta convocatoria, las líneas temáticas son:
Convivencia, cohesión social y seguridad ciudadana.
Resiliencia a la crisis climática, ambiental e hídrica.
Biotecnología para enfrentar desafíos globales.
Tecnologías emergentes.
Subsidio para regiones
Se destinará, al menos, un 50% de los recursos disponibles para la adjudicación de proyectos donde la beneficiaria principal acredita que el proyecto y su director(a) postulan desde una región distinta a la Metropolitana. En caso de propuestas cuya institución beneficiaria principal tenga una única sede en una región distinta a la Metropolitana, se deberá declarar en la plataforma de postulación la región con la que ésta se asocia. En caso de que la entidad beneficiaria principal posea más de una sede, deberá indicar en la plataforma de postulación la región que se asocia con la sede que postula el proyecto.
Para acreditar esta condición el proyecto deberá adjuntar una declaración jurada de la máxima autoridad de la institución o sede regional, que vincule a la o el director del proyecto y la realización de éste con la sede indicada, de acuerdo con los formatos disponibles para el concurso.
Subsidio para
zonas extremas
Los proyectos postulados desde zonas extremas (Decreto Supremo N° 43, de 2023, del Ministerio del Interior y Seguridad Pública de Chile, que aprueba el Reglamento que fija la Política Nacional de Zonas Extrema, artículo 4 y 5), que resulten sugeridos para adjudicar se beneficiarán de un 5% adicional al subsidio solicitado, que se verá reflejado al momento de la adjudicación.
Objetivo
Impulsar el desarrollo de I+D aplicada en las universidades y centros de investigación y desarrollo del país, mediante la colaboración de estas entidades con la empresa, la sociedad civil y las instituciones públicas, que permitan desarrollar productos, servicios o procesos que tengan el potencial de ser transferidos y/o escalados.
Duración
El plazo de ejecución será de
hasta 24 meses.
Financiamiento
El subsidio máximo que se podrá solicitar a ANID será de hasta $
227,7 millones
. En caso de presentarse con más de una entidad beneficiaria, cada una de las beneficiarias secundarias deberá disponer de, al menos, un 20% del subsidio total solicitado a la Agencia.
El financiamiento de ANID estará condicionado a un cofinanciamiento mínimo de un 30% del subsidio solicitado como aporte de la o las beneficiarias y a un 15% del subsidio solicitado como aporte de las entidades asociadas. Todas las entidades asociadas deberán participar del cofinanciamiento del proyecto, ya sea a través de aportes incrementales y/o no incrementales y deberá quedar respaldado con una carta de compromiso de cada entidad asociada al momento de la postulación.
Los proyectos deberán incorporar la participación de un mínimo de uno y máximo de tres entidades asociadas, que otorguen pertinencia a la propuesta, contribuyan a una adecuada ejecución de los proyectos y aseguren la transferencia tecnológica de los resultados. Esta participación deberá reflejarse en contribuciones a la formulación, gestión, ejecución, transferencia de resultados y al financiamiento del proyecto.
Las iniciativas podrán incorporar, de manera opcional, la figura de entidades colaboradoras (máximo tres), es decir, aquellas que ponen a disposición del proyecto capacidades y know-how para facilitar su ejecución. El aporte de la entidad colaboradora no será exigible en el seguimiento financiero del proyecto. En la postulación, la beneficiaria deberá presentar una carta de compromiso de colaboración con cada entidad colaboradora donde se especifique las capacidades que se pondrán a disposición del proyecto.
Las entidades colaboradoras no pueden recibir subsidio para la co-ejecución de actividades del proyecto ni para el financiamiento de su personal. Las entidades colaboradoras no podrán ser subcontratadas por alguna de las beneficiarias del proyecto.
Evaluación
Un análisis de admisibilidad se realiza durante el proceso de evaluación de los proyectos. La evaluación será realizada por Comités de Áreas asesorados por un panel de expertos y expertas nombrado por ANID, a través de la Subdirección de Investigación Aplicada, integrado por profesionales destacados de los sectores público, académico, empresarial y/o institucional. El panel evaluará los proyectos y, de ser necesario, podrá convocar la participación de especialistas externos. Los Comités de Área emitirán un informe de evaluación para cada proyecto.
Más información de este proceso, disponible en las bases concursales.
Resultados Esperados
Todos los resultados esperados deben tener asociados indicadores y metas, que permitan medir el nivel de avance y logro respecto de la situación al inicio del proyecto.
Resultados tecnológicos:
corresponden al conjunto de conocimientos, técnicas y/o procesos desarrollados por el proyecto, que darán origen a un producto, proceso, servicio o sistema organizacional, o un componente de estos, que resuelve una necesidad o problema para los cuales existen organizaciones y/o personas dispuestas a adquirirlos, usarlos o transferirlos.
Resultados de colaboración:
acuerdos formales de colaboración para la continuidad del proyecto con las entidades que participan de la postulación (u otras) y que representen un avance respecto al inicio del proyecto. De este proceso se espera que se genere articulación o vinculación de los diversos actores de sistema de I+D.
Dirija sus consultas y revise las preguntas frecuentes sobre esta convocatoria en nuestro sitio
Ayuda ANID
.","Pueden postular a esta convocatoria, como entidades beneficiarias, personas jurídicas nacionales sin fines de lucro, incluidas universidades e instituciones de educación superior reconocidas por el Estado; institutos tecnológicos y de investigación y desarrollo, tanto públicos como privados; y otras entidades que realicen actividades científico-tecnológicas y que tengan como objetivo, indicado expresamente en sus estatutos, la realización de actividades de investigación y desarrollo.
Las entidades que se presentan por primera vez como beneficiarias (principal o secundaria) a un concurso de proyectos de investigación y desarrollo de la Subdirección de Investigación Aplicada, deberán enviar a ANID, al menos 30 días corridos antes del cierre del concurso, de corresponder, los siguientes documentos:
Copia de escritura pública de constitución y sus modificaciones.
Documento donde se acredite la realización de actividades científico-tecnológicas, mediante un listado de proyectos realizados u otra documentación atingente y/u otro medio de prueba.
Certificado de acreditación de la personería del representante legal (emitida por el Registro Civil).
Certificado de vigencia de la personalidad jurídica sin fines de lucro, emitido con una anterioridad no mayor a 30 días corridos respecto de la fecha de postulación (emitido por el Registro Civil).
En el caso de entidades beneficiarias privadas, se debe acreditar que el objeto social es pertinente respecto de las actividades a desarrollar en el proyecto. Para acreditarlo deberá presentar, al momento de la postulación, los estatutos, acta de constitución u otro, según corresponda.
Esta documentación deberá enviarse a través del correo electrónico
oficinadepartes@anid.cl
, con copia a
contactosia@anid.cl
, incluyendo los datos de la persona que realiza la solicitud.
Las instituciones que estén en la nómina publicada en el documento
Instituciones Elegibles
se encuentran eximidas de presentar esta documentación.
Incompatibilidades
Será responsabilidad de la institución beneficiaria, verificar que no existan incompatibilidades horarias con respecto al personal que trabajará en el proyecto.
El o la directora del proyecto deberá declarar que no tiene o que no tendrá doble financiamiento para el proyecto postulado en el caso de ser adjudicado. Para acreditarlo, al momento de la postulación los y las postulantes deberán descargar y completar un formato de declaración jurada simple, que indique si han postulado el proyecto a otro fondo del Estado o si la propuesta está siendo financiada por algún otro fondo público.","Inicio de la convocatoria:
jueves 31 de julio de 2025.
Cierre de la convocatoria:
martes 30 de septiembre de 2025, a las 17:00 horas de Chile continental.
Difusión
Les invitamos a participar del taller informativo para esta convocatoria:
Taller informativo IDeA I+D 2026
14 de agosto de 2025
10:00 horas
REALIZADO
Taller informativo IDeA I+D 2026
Revisa la presentación
aquí
.
Revisa el video
aquí
.
Taller
«Desarrollo Tecnológico en Chile en la Era del ELT»
Revisa las presentaciones, disponibles en el programa del evento,
aquí
.
Actualizaciones
22 de agosto de 2025
Se incorporó el documento Líneas temáticas, para facilitar el acceso a esta información.
4 de agosto de 2025
Se actualizaron los documentos
Formulación del proyecto
y
Planilla de costos
, para aclarar el uso de estos archivos.","Bases Concursales y Resoluciones
Bases concursales
Líneas temáticas
Formularios y Certificados de Postulación
Carta de compromiso institución beneficiaria
Carta de compromiso entidades asociadas
Carta de compromiso colaboradora
Carta Gantt
Datos entidades asociadas
Declaración jurada simple director o directora
Declaración jurada simple para investigadores(as)
Declaración jurada simple directora o director alterno
Declaración simple sobre duplicidad
Declaración jurada simple vinculación sede
Formulación del proyecto
Síntesis del proyecto
Instituciones elegibles
Planilla de costos
Presentación del proyecto
Postulaciones previas
Manuales de Usuario y Otros
Preguntas Frecuentes",https://anid.cl/wp-content/uploads/2025/01/IDEA-ID-2026_web-op.jpg
"Redes, Estrategia y Conocimiento",Concurso ANID-FAPESP 2025,2025-07-22,2025-09-01,2025-11-01,https://anid.cl/concursos/concurso-anid-fapesp-2025/,"La Agencia Nacional de Investigación y Desarrollo, ANID, y Fundação de Amparo à Pesquisa do Estado de São Paulo, FAPESP, en su compromiso conjunto de fortalecer la investigación a través de la realización de actividades bilaterales, han suscrito un acuerdo de cooperación para realizar el llamado a concurso para proyectos de investigación conjunta, entre equipos de investigadores e investigadoras de Chile y el Estado de Sao Paulo.
La convocatoria se enmarca en la Oportunidad de Agencia Líder FAPESP-ANID basada en el Memorando de Entendimiento firmado entre la ANID y FAPESP, en marzo del 2023.
Con esta actividad, se busca fortalecer la cooperación científica, la innovación, la transferencia de conocimientos y capacidades, y los vínculos de los equipos de investigación provenientes de universidades, centros de investigación e institutos de investigación, públicos y/o privados, de Chile y el Estado de Sao Paulo; así como la atracción de capital humano especializado en áreas de trabajo priorizadas por Chile y Brasil, mediante el apoyo a proyectos conjuntos de investigación de excelencia, con un enfoque mayor en el desarrollo de temáticas de investigación definidas por las contrapartes.
Objetivo general
Instalar instancias de cooperación, investigación e innovación entre Chile y Estado de Sao Paulo con foco en la investigación científica, donde se espera robustecer la cooperación entre ambas agencias de investigación a través del trabajo en áreas afines.
Objetivos específicos
Fortalecer el desarrollo de proyectos bilaterales de investigación entre Chile y el Estado de Sao Paulo, que busquen soluciones científicas, tecnológicas y/o de innovación a través de la colaboración.
Apoyar el desarrollo de proyectos de investigación conjunta, dirigidos por grupos de investigadores e investigadoras en ambos países
Favorecer las sinergias y el intercambio de conocimiento entre ambas sociedades en las temáticas propuestas.
Generar atracción de trabajo en áreas priorizadas por ambos países.
Áreas temáticas
Los proyectos que postulen a la presente convocatoria deberán enforcarse en áreas temáticas cuyo desarrollo se ha identificado como oportunidades para la ciencia, la tecnología y la innovación (CTI), en sus múltiples expresiones e impacto en la sostenibilidad a nivel local y global. Las áreas que cubre la convocatoria son las siguientes:
Ciencias oceánicas
:
disciplinas en la investigación sobre los océanos globales y sus interacciones con la biodiversidad y necesidades, en la operación, el mantenimiento, la adquisición, la construcción y la conversión de las principales instalaciones oceanográficas de uso compartido necesarias para realizar investigaciones oceánicas.
Ciencias antárticas
:
iniciativas de investigación y educación en todos los campos científicos relevantes para el estudio de (y en) la Antártida y el Ártico, incluidas las geociencias, la biología, la astronomía, las ciencias sociales, etc. Estas iniciativas proporcionarán apoyo logístico y operativo para el trabajo en la Antártida y en lugares remotos del Ártico.
La selección de áreas priorizadas no limita a una disciplina en particular. Se espera que los proyectos puedan desarrollarse desde una amplia variedad de temáticas, incluyendo a todas las áreas de la ciencia.
Postulación
Para la presentación de propuestas, es necesario que el equipo brasileño cumpla con los requisitos de postulación establecidos en las bases generales de FAPESP. Asimismo, las Instituciones Nacionales Patrocinantes de Chile deberán cumplir con los requisitos establecidos en las bases del concurso.
Las postulaciones serán recibidas únicamente en el Sistema de Postulación dispuesto por FAPESP en el siguiente enlace:
https://fapesp.br/17580/chamada-de-propostas-conjuntas-2025-do-programa-proasa-fapesp-e-a-agencia-nacional-de-investigacion-y-desarrollo-anid
La propuesta deberá incluir como mínimo una Institución Extranjera del estado de Sao Paulo
, la cual debe acreditar formalmente el compromiso con el proyecto, con el objeto de llevar a cabo las actividades de la investigación conjunta.
El o la Investigadora Responsable de Chile debe trabajar en la propuesta en conjunto con la contraparte extranjera para el proyecto de investigación conjunta.
Duración
El plazo de ejecución es de 36 meses.
Financiamiento
ANID financiará las actividades y los gastos de los y las investigadoras de Chile, y FAPESP financiará las actividades y los gastos de los y las investigadoras del Estado de Sao Paulo.
El financiamiento máximo por otorgar para los equipos de investigación chilenos será de hasta $
53.775.000 por propuesta por año, y un total de $161.325.000
por todo el período de ejecución.","Esta convocatoria usa la
modalidad de Agencia Líder (Lead Agency),
en la que FAPESP actúa como la agencia responsable de los procesos de postulación y evaluación de la convocatoria.
La propuesta debe ser postulada de manera conjunta por una Investigadora o Investigador Responsable chileno, con el apoyo de la Institución Nacional Patrocinante, y su contraparte representante del Estado de Sao Paulo, en la plataforma habilitada por FAPESP al momento de apertura de la postulación.
Podrán postular a esta convocatoria grupos de investigadores o investigadoras residentes en Chile, con experiencia en las áreas de la presente convocatoria. El o la Investigador/a Responsable debe contar con el apoyo de la Institución Nacional Patrocinante de Chile.","Inicio de la Convocatoria
: martes 22 de julio de 2025.
Cierre de la Convocatoria
: lunes 1 de septiembre de 2025, a las 23:59 horas de Brasil y 22:59 horas de Chile continental.
Actualizaciones:
Jueves 07 de agosto 2025
Se actualizó el documento de Preguntas Frecuentes.
Miércoles 23 de julio 2025
Se actualizó el documento de Preguntas Frecuentes.","Bases Concursales y Resoluciones
Bases concursales
Formularios y Certificados de Postulación
Presupuesto
Carta de compromiso de la Institución Nacional Patrocinante Chilena
Manuales de Usuario y Otros
Instructivo general de rendición de cuentas
Preguntas frecuentes",https://anid.cl/wp-content/uploads/2025/07/FAPESP-2025_web-op.jpg
Capital Humano,Doctorado Becas Chile ANID-DAAD 2025,2025-07-17,2025-08-27,2026-02-27,https://anid.cl/concursos/doctorado-becas-chile-anid-daad-2025/,"La Agencia Nacional de Investigación y Desarrollo, ANID, en el marco del acuerdo de Formación de Capital Humano Avanzado suscrito entre esta entidad y el Servicio Alemán de Intercambio Académico-DAAD, llama a concurso para otorgar becas -en adelante Becas de Doctorado en el Extranjero Becas Chile, en el marco del Acuerdo Suscrito con el Servicio Alemán de Intercambio Académico, DAAD, Convocatoria 2025- a personas chilenas para iniciar estudios conducentes a la obtención del grado académico de doctor en las universidades y centros de investigación de excelencia en Alemania.
Esta beca tiene como objetivo formar capital humano avanzado, para que las y los graduados, a su regreso a Chile, apliquen los conocimientos adquiridos y contribuyan al desarrollo científico, académico, económico, social y cultural del país.
Informaciones y contacto:
DAAD IC-Santiago
Instituto Goethe – Holanda 100, piso 2, Providencia. Santiago, Chile.
Martes y jueves 9:30 – 12:30 y 15:00 – 17:00 (Previo acuerdo por solicitud)
Teléfono: +56-9-35475060
Correo electrónico:
info@daad.cl
Sitio web:
https://www.daad.cl/es/programas-de-becas/becas-doctorado-e-investigacion/
Subdirección de Capital Humano – ANID
Centro de Ayuda para Postulantes
Ayuda ANID","Los requisitos de postulación al patrocinio de la DAAD, según numeral 5.1 de las bases del concurso, son:
Personas chilenas.
Poseer el grado académico de licenciado o licenciada en carreras de, al menos, ocho semestres, o título profesional en carreras de, al menos, diez semestres de duración o sus equivalentes en el caso de los estudios de pregrado realizados en el extranjero.
Poseer excelencia académica acreditando, al menos, uno de los siguientes requisitos: haber obtenido un promedio final de notas de pregrado igual o superior a 5.0 sobre un máximo de 7.0 o su equivalente, para la obtención de la licenciatura y/o título profesional; o bien, encontrarse dentro del 30% superior de su promoción de titulación o egreso de pregrado.
Encontrarse aceptado o aceptada, al momento de la postulación ante el DAAD, para iniciar estudios de doctorado en una universidad o centro de investigación de excelencia en Alemania, lo que deberá certificar de acuerdo con lo señalado en el numeral 4.3 de las bases del concurso.
Las y los candidatos a la obtención del patrocinio tendrán que postular en el Centro de Información del DAAD en Chile, según lo indicado en el procedimiento de postulación “Becas de Doctorado con acuerdo bilateral con DAAD, Convocatoria 2025”.
Los detalles de postulación están disponibles en el sitio web
DAAD
Los requisitos de postulación a la beca ANID según numeral 8 de las bases del concurso son:
Personas chilenas.
Poseer el grado académico de licenciado o licenciada en carreras de, al menos, ocho semestres, o título profesional en carreras de al menos diez semestres de duración o su equivalente en el caso de los estudios de pregrado realizados en el extranjero.
Contar con el patrocinio del DAAD.
IMPORTANTE:
La
postulación a esta convocatoria debe realizarse a través del
sitio web del DAAD
, enviando la documentación que se indica en las bases concursales.
El
curriculum y el formulario de acreditación socioeconómica deben completarse directamente en el
Sistema de Postulación en Línea de ANID
, en los mismos plazos de postulación indicados en las bases.
Las y los postulantes deberán completar los formularios antes señalados en ambas plataformas de postulación. De lo contrario, serán declarados fuera de bases.","Inicio de la convocatoria:
jueves 17 de julio de 2025
Fin plazo para consultas:
martes 19 de agosto de 2025, 13:00 horas de Chile continental.
Fin del plazo de recepción de postulaciones y cartas de recomendación:
miércoles 27 de agosto de 2025, 13:00 horas de Chile continental.","Bases Concursales y Resoluciones
Resolución N°92/2025 (Bases Concursales)
Bases Concursales (Lectura Obligatoria)
Formularios y Certificados de Postulación
Declaración Simple
Manuales de Usuario y Otros
Manual de Usuario SPL- Registro y Recuperación de Clave
Manual de Usuario SPL- Formulario de Postulación
Manual de Usuario SPL- Curriculum de Postulación
Manual de Usuario SPL- Curriculum de Postulación (Versión Inglés)",https://anid.cl/wp-content/uploads/2025/01/ANID-DAAD-BECAS-CHILE-2025-op.jpg
Investigación Aplicada,Startup Ciencia 2026,2025-07-10,2025-09-10,2026-03-01,https://anid.cl/concursos/startup-ciencia-2026/,"La Agencia Nacional de Investigación y Desarrollo, ANID, a través de la Subdirección de Investigación Aplicada, invita a participar de esta convocatoria que busca incrementar los emprendimientos de base científico-tecnológica.
Objetivo
Promover el crecimiento y fortalecimiento de empresas de base científico-tecnológica (EBCT) en Chile y en etapa temprana, a través del cofinanciamiento y apoyo técnico en el proceso de desarrollo tecnológico e innovación, en la validación técnica y de negocios de nuevos productos o servicios, facilitando así su entrada a los mercados nacionales e internacionales.
Duración
Hasta 12 meses. Podrá ser extendido por 6 meses, por una única vez.
Financiamiento
ANID otorgará hasta $134.550.000 por proyecto. El monto solicitado, no debe exceder los límites de financiamiento para los ítems establecidos en las bases.
El aporte pecuniario deberá financiar el 15% restante del costo total del proyecto. En el caso de acogerse a algún beneficio, el aporte pecuniario podrá financiar el 10% restante del costo total de éste. Existen dos casos para bonificación:
Empresas lideradas por mujeres:
se verificará si quien dirige el proyecto es mujer, si el equipo está compuesto mayoritariamente por mujeres o si la participación societaria o accionaria de las mujeres es mayor al 50% de la propiedad de la persona jurídica.
Empresas pertenecientes a regiones distintas a la metropolitana:
las postulaciones cuyo beneficiario tenga domicilio registrado en el SII distinto a la Región Metropolitana y que, además, coincida con el lugar donde realiza la actividad principal del negocio o giro.
Evaluación
Los proyectos serán evaluados, al menos, por una o un evaluador externo a ANID, quien será una o un especialista nacional o internacional perteneciente al área científico-tecnológica del proyecto o con experiencia en el área. Dicha evaluación será recibida en la Agencia y puesta a disposición para su revisión y análisis por parte de un panel de expertos idóneo. Serán evaluadas sólo aquellas postulaciones que sean admisibles.
Resultados esperados
Los proyectos deben cumplir con los siguientes aspectos:
Instalación y/o fortalecimiento de la capacidad de emprendimiento científico y tecnológico.
Avance medible en el nivel de madurez de las tecnologías expresadas en productos, procesos o servicios.
Avance medible en el nivel de madurez de la estrategia de protección de la tecnología, así como de estrategias de transferencia tecnológica o de negocios.
Avance medible en la estrategia de desarrollo y validación del consumidor, cliente o usuario de la solución.
Nuevas alianzas y acuerdos formales de colaboración nacionales o internacionales en materia de desarrollo y validación tecnológica, propiedad intelectual, transferencia tecnológica y de negocios, entre otros.
Avance medible en una estrategia de financiamiento, a través del levantamiento de capital durante la ejecución del proyecto o de la preparación de un dossier de información para el levantamiento de capital.
Dirija sus consultas y revise las preguntas frecuentes sobre esta convocatoria en
Ayuda ANID.","Podrán postular y recibir financiamiento micro y pequeñas empresas (personas jurídicas de derecho privado, con o sin fines de lucro), con menos de 10 años de constitución contados desde la fecha de la convocatoria, cuyas ventas anuales no superen las 25.000 UF.
La empresa beneficiaria será la responsable legal frente a ANID para dar cumplimiento a lo establecido en las bases concursales y el convenio de financiamiento. Tendrá la categoría de beneficiaria.
Equipo de trabajo
El equipo mínimo para la postulación y ejecución del proyecto por parte de la beneficiaria deberá estar constituido por, al menos, tres personas: un(a) Director (a) de Proyecto, una persona en el rol de Gerente de Proyecto y, por último, una persona en el rol de Personal Científico Técnico. Para más información respecto a la dedicación y definición de roles, invitamos a revisar las bases del concurso.","Inicio de la convocatoria:
jueves 10 de julio de 2025.
Cierre de la convocatoria:
miércoles 10 de septiembre de 2025, a las 17:00 horas de Chile continental.
Difusión
Les invitamos a participar del taller informativo para esta convocatoria:
Taller informativo Startup Ciencia 2025
17 de julio de 2025
11:30 horas
REALIZADO
Taller informativo Startup Ciencia 2025
Revisa la presentación
aquí
.
Revisa el video
aquí
.","Bases Concursales y Resoluciones
Bases concursales
Formularios y Certificados de Postulación
Formulario de postulación
Carta compromiso beneficiaria
Carta compromiso asociada
Carta compromiso integrantes del equipo
Declaración de duplicidad Anexo 4
Ficha
one pager
Planilla de costos
Carta Gantt
Autoevaluación de nivel de madurez EBCT
Plantilla para contratación del proyecto
Manuales de Usuario y Otros
Preguntas Frecuentes",https://anid.cl/wp-content/uploads/2025/01/startup-ciencia-2026-web-op.jpg
